id,name
1,Christopher Young
2,Juan Potter
3,Jordan Solis
4,Joshua Moore
5,James Lee
6,Jose Solomon
7,Alex Jackson
8,Pamela Miller
9,Thomas Collier
10,Benjamin Richardson
11,Bradley Little
12,Benjamin Ryan
13,Leslie Martinez
14,Mr. Tommy Ellis
15,Crystal Young
16,Deanna Golden
17,Mary Franklin
18,Kelly Alexander
19,Jared Rodriguez
20,William Martinez
21,William Brock
22,Kaylee Santiago
23,Randy Pham
24,Michelle Harris
25,Timothy Hays
26,Chris Walker
27,Karl Ward
28,Mr. Taylor Johnson
29,Philip Randall
30,Leslie Mills
31,Willie Hicks
32,Sharon Mcguire
33,Vanessa Fuentes
34,Michael Martin
35,Heidi Barton
36,Allison Olson
37,Julie Moore
38,Deborah Price
39,Dr. Heather Dixon
40,Daniel Bauer
41,Jacob Park
42,Jennifer Galloway DVM
43,Edward Rowe
44,Rebecca Reyes
45,Jennifer Robinson
46,Adam Simmons
47,Jennifer Harrington
48,Tanya Wilcox
49,Valerie Drake
50,Lisa Johnson DVM
51,Mr. Jorge Cunningham
52,Brittney Bentley
53,Steven Riley
54,Emily Bright
55,Christopher Lowe
56,Darlene Wright
57,Anthony Johnson
58,Kristin Austin
59,Ryan Johnson
60,Brittany Duarte
61,Benjamin Lozano
62,Jacqueline Peterson
63,Christopher Harris
64,Mrs. Lindsay Meadows
65,Eric Rivera
66,Gregg Phillips
67,Jennifer Tucker
68,John Williams
69,Misty Carpenter
70,Larry Vazquez
71,Brandon Ramirez
72,Misty Goodman
73,Ryan Murphy
74,Mark Brown
75,Brandon Peters
76,Maria Maldonado
77,Duane Pierce
78,Angela Fernandez
79,Wendy Smith
80,Ashley Pierce
81,Lawrence Kim
82,Michelle Smith
83,Julia Smith
84,Christopher Hill
85,James Nelson
86,Alexandra Foley
87,Karen Flores
88,Veronica Carson
89,Leslie Jimenez
90,Barbara Evans
91,Brian Orozco
92,Brandon Elliott
93,Kenneth Arnold
94,Martha Dunn
95,Mrs. April Orozco
96,Laura Manning
97,Marissa Holt
98,Paige Brown
99,Cynthia Werner
100,Mark Shields
101,Paul Carroll
102,Robin Smith
103,Angela Brown
104,Stephen Yoder
105,Kristy Hebert
106,Emma Gomez
107,Adrian Maxwell
108,Alexandria Barr
109,Timothy Mills
110,Steven Brooks
111,Tina Mendoza
112,Dylan Jones
113,Colin Mendoza
114,Michael Johnson
115,Sarah Whitney
116,James Gutierrez
117,Catherine Taylor
118,Kristen Williams
119,Sarah Ferguson
120,Amanda Perez
121,Douglas Morris
122,Janice Schneider
123,Vincent Williams
124,Jared Velez
125,Whitney Meyer
126,Joseph Dean
127,Lori Rodriguez
128,Jonathan Brown
129,Bradley Harris
130,Kyle Alvarez
131,Richard Lee
132,Debbie Gomez
133,Toni Wood
134,Jason Jones
135,James Strickland
136,Sherri Jones
137,Eric Turner
138,Terri Duncan
139,Alexis Brown
140,Rita Daniels
141,Jennifer Castillo
142,Jennifer Palmer
143,Lindsey Gutierrez
144,Anthony Wong
145,Emily Guerrero
146,Jeremy Williams
147,Robert Sparks
148,Wesley Dixon
149,Andrew Garcia
150,Jeremiah Weaver
151,Matthew Wolfe
152,Tammy King
153,Marcus Perez
154,Mario Benjamin
155,Timothy Curry
156,Frederick Matthews
157,Tracy Sullivan
158,Julie Mitchell
159,Robert Walton
160,Thomas Lee
161,Jacqueline Carr
162,Wendy Norris
163,Laura Tyler
164,Eric Watson
165,Michael Perez
166,Samantha Cook
167,Taylor Thompson
168,Samuel Jennings
169,William Williams
170,Gregory Wheeler
171,Michael Martin
172,Jorge Pena
173,Andrew Frey
174,Elizabeth Delgado
175,Donald Pitts
176,Larry Wagner
177,Jonathan Chandler
178,Aaron Johnson
179,Susan Ford
180,Danielle Williams
181,Seth Pierce
182,Laura Patton
183,Kerry Trevino
184,Jennifer Morris
185,Nicole Tran
186,Derek Lee
187,Chelsea Thompson
188,Tonya Fuentes
189,Lauren Nelson
190,Ryan Martin
191,Mrs. Sara Rose
192,Mr. David Henderson
193,Jessica Ayala
194,James Wilson
195,Elizabeth Gomez
196,Christopher Sullivan
197,Erica Wise
198,Carlos Turner
199,Brittany Dickerson
200,Edward Wang
